gender,email,phone,cell,nat,name_title,name_first,name_last,location_city,location_state,location_country,location_postcode,location_street_number,location_street_name,location_coordinates_latitude,location_coordinates_longitude,location_timezone_offset,location_timezone_description,login_uuid,login_username,login_password,login_salt,login_md5,login_sha1,login_sha256,dob_date,dob_age,registered_date,registered_age,id_name,id_value,picture_large,picture_medium,picture_thumbnail
"male","ljubisav.blagojevic@example.com","018-0638-055","068-4769-420","RS","Mr","Ljubisav","Blagojević","Bojnik","Šumadija","Serbia",82341.0,304.0,"BosilЈke Janić","62.8701","-5.1789","+3:00","Baghdad, Riyadh, Moscow, St. Petersburg","608012ec-e6d7-4316-8f1f-d0fc4d1a6d09","bigwolf886","vicky","6AZDngzb","fa09000c5fc5e1328c20a907b6423f81","59f29640f9f4490b08845ccad608b5375aa97098","19e357f69216ea576ef06affb35e5abb14a48e0cab2687522e4280e09ceba3da","1946-12-12T18:34:41.952Z",77.0,"2021-12-12T03:20:11.485Z",2.0,"SID","489693695","https://randomuser.me/api/portraits/men/81.jpg","https://randomuser.me/api/portraits/med/men/81.jpg","https://randomuser.me/api/portraits/thumb/men/81.jpg"
"female","brooke.turner@example.com","(943)-994-4643","(969)-144-6244","NZ","Mrs","Brooke","Turner","Christchurch","Otago","New Zealand",92940.0,4562.0,"Napier-Hastings Expressway","16.3720","109.2908","-2:00","Mid-Atlantic","7b9f6417-cfbf-45af-8c92-c567919e4c8d","purplepeacock416","corolla","sWGZYzWW","7413c51a17c4d1ca54bbb325f1887386","ee41203e8a79abe7916c98d6d523d1cf9cfaa0b4","140973606b0e3f1abf77555d8d71cc92681b27a8a224b149a972ca82c0021dd0","1957-12-11T03:16:20.984Z",66.0,"2010-07-19T02:26:41.392Z",13.0,"",,"https://randomuser.me/api/portraits/women/89.jpg","https://randomuser.me/api/portraits/med/women/89.jpg","https://randomuser.me/api/portraits/thumb/women/89.jpg"
"male","udarsh.bansal@example.com","7043184154","9547795396","IN","Mr","Udarsh","Bansal","Bhilai","Punjab","India",16703.0,3884.0,"Bandstand Promenade","55.7084","-30.4014","-2:00","Mid-Atlantic","cc49c536-ee75-4fe6-aa75-eae276b36781","silverpeacock737","fiction","MuC7mkdy","08e2068d22557ea7e1d06dee79b890d7","da247f16753148938d079009f7c5ce2436e4ce25","ad120f24a3b3f33e567e0a94e011db8c5d4464aefa6a9c182bb820f58246a266","1965-03-18T04:33:08.642Z",59.0,"2011-05-18T15:14:45.290Z",12.0,"UIDAI","756511557043","https://randomuser.me/api/portraits/men/75.jpg","https://randomuser.me/api/portraits/med/men/75.jpg","https://randomuser.me/api/portraits/thumb/men/75.jpg"
"male","veeti.laakso@example.com","06-880-786","045-948-43-84","FI","Mr","Veeti","Laakso","Mänttä","Tavastia Proper","Finland",82214.0,3464.0,"Siilitie","74.9888","-135.8036","+8:00","Beijing, Perth, Singapore, Hong Kong","5602c195-7f32-4065-8cb5-7c20642d7186","sadgoose965","killer1","5QyK3Sqs","9e1fc1d10a40a2da845c0d947bca0276","2762a3d578955364a47910f7643795b6e13d85d8","b542ffb804f49c263eea1883f5f68b260eb352f13e74d4b2790645ee51b2474d","1957-06-14T18:14:40.880Z",66.0,"2003-09-06T16:30:32.781Z",20.0,"HETU","NaNNA965undefined","https://randomuser.me/api/portraits/men/1.jpg","https://randomuser.me/api/portraits/med/men/1.jpg","https://randomuser.me/api/portraits/thumb/men/1.jpg"
"male","kenneth.montgomery@example.com","(999) 446-5198","(593) 835-3347","US","Mr","Kenneth","Montgomery","Tyler","New Jersey","United States",11048.0,2364.0,"Adams St","47.2394","22.8669","-3:00","Brazil, Buenos Aires, Georgetown","6bbf84fa-c999-4228-8b07-653e6d5c8dce","yellowmouse228","aramis","hXngdnt2","da83a18a2c304ebde4e3e6fb060150f7","dae436187bcf51f950c1e96f0c7f54398568af24","31f3b51f086fb0158342428ae87effcaedffaf7fe10b053763e8f2c2bcbf34cd","1977-10-26T05:07:02.418Z",46.0,"2019-07-22T04:24:48.694Z",4.0,"SSN","109-49-4074","https://randomuser.me/api/portraits/men/46.jpg","https://randomuser.me/api/portraits/med/men/46.jpg","https://randomuser.me/api/portraits/thumb/men/46.jpg"
"female","ella.thomas@example.com","(362) 671-3057","(850) 723-7105","US","Ms","Ella","Thomas","Denton","Minnesota","United States",27947.0,9218.0,"W Belt Line Rd","34.0935","-38.0687","+5:30","Bombay, Calcutta, Madras, New Delhi","9eb448b5-f310-49de-8bda-8f6d65d6f98f","whiteswan656","swedish","YpXwURiE","a6fee925ed6e269e77176828ebe7b616","598eaaf1f976f18c9dc9cdb3dee3b1eb10b957ad","c8829fe079e135a4d88ad03e30089f5e40e161e6159bb15ae7849fbc3b7ec43e","1976-06-20T18:02:15.945Z",47.0,"2004-02-18T23:09:13.874Z",20.0,"SSN","347-86-5492","https://randomuser.me/api/portraits/women/47.jpg","https://randomuser.me/api/portraits/med/women/47.jpg","https://randomuser.me/api/portraits/thumb/women/47.jpg"
"male","guido.effenberger@example.com","0393-2146886","0176-8395226","DE","Mr","Guido","Effenberger","Annaburg","Schleswig-Holstein","Germany",49820.0,4000.0,"Am Sportplatz","-55.2540","26.8975","+2:00","Kaliningrad, South Africa","9530e902-c310-434d-9fa2-9d7eff57982f","orangedog574","johnboy","9MFyIFBS","8f864790d242738c5411da90280ffb13","3c29c11db4fcc73c5b4805c2cced8da763e14c12","9714931d2af47b13df96e5344ad68972b727d340d2be326d19e1d61f85767555","1993-02-26T16:53:26.717Z",31.0,"2009-10-26T07:26:55.140Z",14.0,"SVNR","25 260293 E 491","https://randomuser.me/api/portraits/men/99.jpg","https://randomuser.me/api/portraits/med/men/99.jpg","https://randomuser.me/api/portraits/thumb/men/99.jpg"
"female","shannon.wood@example.com","(684) 366-8818","(562) 935-1430","US","Mrs","Shannon","Wood","Pittsburgh","New Mexico","United States",34557.0,805.0,"Avondale Ave","67.9917","-36.4226","-7:00","Mountain Time (US & Canada)","f5d58656-c10f-47f7-8c6f-94ebbee373c4","yellowelephant636","moritz","mM91OOm3","e0d9cf24bf2b7107bd37abcb70e05718","e00c01020472100dced13278c9aaddcdf249cd51","86f4f336d63930ee3200768b388f5e4031db35b1be91abf92e4c79fdd354ff41","1973-12-20T07:01:51.523Z",50.0,"2018-11-12T07:29:35.765Z",5.0,"SSN","719-83-5455","https://randomuser.me/api/portraits/women/16.jpg","https://randomuser.me/api/portraits/med/women/16.jpg","https://randomuser.me/api/portraits/thumb/women/16.jpg"
"male","coskun.ozgorkey@example.com","(432)-619-4288","(878)-075-7797","TR","Mr","Coşkun","Özgörkey","Hakkâri","Elazığ","Turkey",34481.0,6604.0,"Vatan Cd","52.5976","-51.6797","+11:00","Magadan, Solomon Islands, New Caledonia","cb27eed9-8173-4b39-b251-8bd90b45b219","sadgoose140","redhead","WQtAc7kt","f2a5d1f731d87a3c670322e305f164df","a5ef379e8cc9eb2071b28b0c34413ff47d6d1534","3535b32aa183539e8709eb209e1ab26b80776acfa979543d0c66e675399bcf78","1947-10-10T07:43:46.951Z",76.0,"2010-05-24T12:25:55.343Z",13.0,"",,"https://randomuser.me/api/portraits/men/75.jpg","https://randomuser.me/api/portraits/med/men/75.jpg","https://randomuser.me/api/portraits/thumb/men/75.jpg"
"male","aljosa.sakic@example.com","016-9104-751","062-0408-933","RS","Mr","Aljoša","Šakić","Sombor","South Banat","Serbia",99969.0,85.0,"Avalska","-25.1803","-23.5902","-7:00","Mountain Time (US & Canada)","cea87e43-0528-4600-a7f9-86887b7828d6","blackswan281","deejay","pO5ZKWun","2592ff1502686e526b3d93e3ca5515e7","85b7b6bd5347f4b77c64d5919c07e542a660bc9c","f09c703c369f694516d612309b0101e1a56b0db1ec8420c334d618baad025b2b","1956-05-14T23:35:16.930Z",67.0,"2018-05-18T20:46:14.673Z",5.0,"SID","525503317","https://randomuser.me/api/portraits/men/38.jpg","https://randomuser.me/api/portraits/med/men/38.jpg","https://randomuser.me/api/portraits/thumb/men/38.jpg"
"male","jannick.ouwersloot@example.com","(057) 7176477","(06) 22511779","NL","Mr","Jannick","Ouwersloot","Strijbeek","Limburg","Netherlands","6840 NB",2125.0,"Krabbenplas","89.5142","-57.1432","+9:00","Tokyo, Seoul, Osaka, Sapporo, Yakutsk","f4426add-9ad6-4e94-ba4f-2fedf7210a94","bigmeercat931","rivera","aAPScKYZ","c6b7a7caa32fa4df2c8faae355479b85","e12ffc27258cdf354253e481940e0f5adca49cfe","f63494fda8a90882fb80943e6e44088d2b19c0c829a79ac9bfbc3574c749b922","1982-01-04T04:19:13.365Z",42.0,"2016-08-15T12:20:38.228Z",7.0,"BSN","02932642","https://randomuser.me/api/portraits/men/99.jpg","https://randomuser.me/api/portraits/med/men/99.jpg","https://randomuser.me/api/portraits/thumb/men/99.jpg"
"female","adriana.dubois@example.com","076 281 37 31","078 431 34 51","CH","Mademoiselle","Adriana","Dubois","Warth-Weiningen","Aargau","Switzerland",2618.0,6289.0,"Rue Gasparin","-53.3555","42.0273","-10:00","Hawaii","fdaa3e9f-498d-428d-b2aa-cd1d7b3e5916","greenmouse558","ambrose","BaXWwo7L","1846b58a4795f03faf8f3b7bd94e228d","41f83997c0a3fa00027bf9186e7d7c01c002a853","b933f8677cc4bc21bbda54ca77cf429164ac1f0456fc684a973845ec943ab400","1983-09-01T00:47:13.718Z",40.0,"2012-04-20T21:29:21.485Z",12.0,"AVS","756.9453.2208.26","https://randomuser.me/api/portraits/women/1.jpg","https://randomuser.me/api/portraits/med/women/1.jpg","https://randomuser.me/api/portraits/thumb/women/1.jpg"
"female","cindel.soekhai@example.com","(025) 1600716","(06) 77424536","NL","Ms","Cindel","Soekhai","Boazum","Zuid-Holland","Netherlands","8396 NU",9131.0,"H. Kamerlingh Onnesstraat","-29.0781","-160.9648","-12:00","Eniwetok, Kwajalein","c1ed6968-9d02-4ffa-b544-cb460f25bb50","smallgorilla846","beefcake","QXXM01Ta","511827046014b6dc8333848a16e8cb73","62ec9ce0c2ce3edd26de958ed6129b87da910723","67e2481445fbd5dddc7fb0e46c61d3a088e6534fc2ca3cf1e4dcaed5132c1fd1","1987-12-31T03:58:41.327Z",36.0,"2002-11-05T03:38:52.850Z",21.0,"BSN","33028138","https://randomuser.me/api/portraits/women/78.jpg","https://randomuser.me/api/portraits/med/women/78.jpg","https://randomuser.me/api/portraits/thumb/women/78.jpg"
"male","obren.stanicstankovic@example.com","039-6829-999","062-8004-742","RS","Mr","Obren","StanićStanković","Novi Pazar","Moravica","Serbia",39440.0,9046.0,"Markovačka","-80.0964","-34.1039","-5:00","Eastern Time (US & Canada), Bogota, Lima","c76493f7-4edd-4cd0-88cc-ecd10a300ccf","angryostrich218","stratus","FDaeyVI0","8aa3aebdfea0fdce9c50aa1850a2c7e6","5fe9d7b4dc2ab0f1cfa0f1ed0166a68d5af354e3","ed8ac9b00c59dc610ad57236ad28ba8cd4539eeb5eab4234cb84919369142cc2","1974-06-10T09:52:40.430Z",49.0,"2018-08-08T17:31:34.161Z",5.0,"SID","779250933","https://randomuser.me/api/portraits/men/72.jpg","https://randomuser.me/api/portraits/med/men/72.jpg","https://randomuser.me/api/portraits/thumb/men/72.jpg"
"male","felix.lo@example.com","X39 E79-8265","M79 V18-0865","CA","Mr","Felix","Lo","Tecumseh","Ontario","Canada","W8A 0X0",6125.0,"St. Catherine St","-44.4787","53.1561","-5:00","Eastern Time (US & Canada), Bogota, Lima","ed9c5342-d33c-4609-b106-b823060de568","crazyswan984","theodore","vxK1vuhB","970fa808cbf73f0ed0de2835d8377083","4044d2a0f2cb7be682c0f5246e29556f47d0c1a6","59adef3f381859f057badaf25c1d18a0863558dbe13f77bc2f4656c9dcff2a7d","1979-05-19T12:39:59.519Z",44.0,"2003-06-11T19:56:28.131Z",20.0,"SIN","375440492","https://randomuser.me/api/portraits/men/99.jpg","https://randomuser.me/api/portraits/med/men/99.jpg","https://randomuser.me/api/portraits/thumb/men/99.jpg"
"male","dylan.young@example.com","L29 J11-4424","N14 B92-1303","CA","Mr","Dylan","Young","Glenwood","Nunavut","Canada","W0A 4E1",826.0,"West Ave","-48.4450","13.7520","+9:00","Tokyo, Seoul, Osaka, Sapporo, Yakutsk","80562cb3-68e3-4fc7-906a-b09ddc19eabf","ticklishpeacock709","ruan","YCdcq2c6","18026ad903fe0f5dd20559dce0c3d2a3","b7d48d960fa27afbc0a1d9e8a1e6f4deb3b0e0d6","e689866708d1bc857422123bbb72669708c7a5142969b6d11dc0e79f502fa732","1997-08-16T14:12:01.783Z",26.0,"2006-05-15T22:31:31.606Z",17.0,"SIN","000336016","https://randomuser.me/api/portraits/men/46.jpg","https://randomuser.me/api/portraits/med/men/46.jpg","https://randomuser.me/api/portraits/thumb/men/46.jpg"
"female","marica.strauss@example.com","0864-5537397","0175-6247019","DE","Miss","Marica","Strauß","Trier-Saarburg","Sachsen","Germany",38316.0,181.0,"Neue Straße","8.0623","105.2022","-3:30","Newfoundland","b3ba6cb1-6c03-458c-8344-922bce14f549","angryduck181","jackson1","LQDETfGg","b4b8401bfb5942443be970f1d8deac88","d7d877dd02d61e8ac633e3ae2ae6d8800dfeefa0","74533aa8349717be92a2b709a8e52ce9f887592d482829483ac13ab0b10199c2","1982-04-02T09:45:53.883Z",42.0,"2008-09-20T22:03:16.184Z",15.0,"SVNR","44 020482 S 751","https://randomuser.me/api/portraits/women/77.jpg","https://randomuser.me/api/portraits/med/women/77.jpg","https://randomuser.me/api/portraits/thumb/women/77.jpg"
"female","sobislava.ivanyuk@example.com","(098) N61-2277","(097) U47-8606","UA","Mrs","Sobislava","Ivanyuk","Novoselicya","Vinnicka","Ukraine",78583.0,400.0,"Yuhima Sicinskogo","-2.7216","-72.0900","+5:45","Kathmandu","ad70812b-03a1-4aef-8a60-cc53f915a8a7","heavyfish709","plumber","q19JLIXt","780444c79fe2aee5c8032e87546db3c1","ca2e94b67fd97a97d19bc5bfa36f229cd6d5c148","411a384f01fc626035b466e70b3256af0b93307e5549e0eb3a501bcd914a8541","1983-01-13T02:42:36.798Z",41.0,"2021-04-04T23:55:49.890Z",3.0,"",,"https://randomuser.me/api/portraits/women/45.jpg","https://randomuser.me/api/portraits/med/women/45.jpg","https://randomuser.me/api/portraits/thumb/women/45.jpg"
"female","shabari.uchil@example.com","8881677213","8655347777","IN","Mrs","Shabari","Uchil","Bhimavaram","Andaman and Nicobar Islands","India",50855.0,2828.0,"Ashoka Rd","-87.0264","-52.0426","-3:30","Newfoundland","253d25b6-1a75-4256-82e6-84340d3abc2a","reddog620","buffett","pVxV8ZSX","a9bd986a8d37eca23eb8a340444852ab","8b3614ba2f0aa5226baf22a0074789b31c0d8829","ef744938071ecb68fe0616301e1191092c08466730c19e25b8bb54f2bf0f44bd","1952-02-27T17:43:36.663Z",72.0,"2002-11-20T09:41:46.992Z",21.0,"UIDAI","061510118486","https://randomuser.me/api/portraits/women/75.jpg","https://randomuser.me/api/portraits/med/women/75.jpg","https://randomuser.me/api/portraits/thumb/women/75.jpg"
"male","mileta.andelkovic@example.com","026-0157-669","066-8420-613","RS","Mr","Mileta","Anđelković","Koceljeva","Pčinja","Serbia",30689.0,9836.0,"Bogoševačka","64.4483","-178.8362","+10:00","Eastern Australia, Guam, Vladivostok","ea1f4acc-9fdb-402c-adc0-c392a10b2a78","bigbutterfly101","cubs","abbnPyT9","382795c860a44cd5c5f488527306b521","681a3393d1ad06c20d4de9c684edbd01705c47ba","82aa78e943a0ae93c914146cb3d19cee09c4d90310d153830a55fb04c03e4f5b","1963-04-11T15:34:59.691Z",61.0,"2011-04-08T13:43:48.148Z",13.0,"SID","541971746","https://randomuser.me/api/portraits/men/18.jpg","https://randomuser.me/api/portraits/med/men/18.jpg","https://randomuser.me/api/portraits/thumb/men/18.jpg"
